Nationality,Location,StartDate,EndDate,MinDeaths,MaxDeaths,DeathsOverride,DeathsFinal,AirRate,CivilianRate,IntentionalRate,Tags,AirForce,Notes,Sources,
Austria,,9/1/39,8/31/45,"62,5","62,5",,62500.0,,1,,,,wiki buffer,http://en.wikipedia.org/wiki/World_War_II_casualties,
Austria,,9/1/39,8/31/45,50000,65000,61000,57500.0,,1,,holocaust-jewish,,"override hi-low-avg multiplied by 1.06, to get 5.7 million",http://en.wikipedia.org/wiki/World_War_II_casualties,
Belgium,,9/1/39,8/31/45,"12,1","12,1",,12100.0,,0,,,,,http://en.wikipedia.org/wiki/World_War_II_casualties,
Belgium,,9/1/39,8/31/45,"48,9","48,9",,48900.0,,1,,,,wiki buffer,http://en.wikipedia.org/wiki/World_War_II_casualties,
Belgium,,9/1/39,8/31/45,25000,29000,29000,27000.0,,1,,holocaust-jewish,,"override hi-low-avg multiplied by 1.06, to get 5.7 million",http://en.wikipedia.org/wiki/World_War_II_casualties,
Bulgaria,,9/1/39,8/31/45,22,22,,22000.0,,0,,,,,http://en.wikipedia.org/wiki/World_War_II_casualties,
Bulgaria,,9/1/39,8/31/45,3,3,,3000.0,,1,,,,,http://en.wikipedia.org/wiki/World_War_II_casualties,
Czechoslovakia,,9/1/39,8/31/45,25,25,,25000.0,,0,,,,,http://en.wikipedia.org/wiki/World_War_II_casualties,
Czechoslovakia,,9/1/39,8/31/45,"222,35","222,35",,222350.0,,1,,,,wiki buffer,http://en.wikipedia.org/wiki/World_War_II_casualties,
Czechoslovakia,,9/1/39,8/31/45,77000,78300,82000,77650.0,,1,,holocaust-jewish,,"override hi-low-avg multiplied by 1.06, to get 5.7 million",http://en.wikipedia.org/wiki/World_War_II_casualties,
Denmark,,9/1/39,8/31/45,"2,1","2,1",,2100.0,,0,,,,,http://en.wikipedia.org/wiki/World_War_II_casualties,
Denmark,,9/1/39,8/31/45,"1,012","1,012",,1012.0,,1,,,,wiki buffer,http://en.wikipedia.org/wiki/World_War_II_casualties,
Denmark,,9/1/39,8/31/45,60,116,0,88.0,,1,,holocaust-jewish,,"override hi-low-avg multiplied by 1.06, to get 5.7 million",http://en.wikipedia.org/wiki/World_War_II_casualties,
Estonia,,9/1/39,8/31/45,"48,25","48,25",,48250.0,,1,,,,wiki buffer,http://en.wikipedia.org/wiki/World_War_II_casualties,
Estonia,,9/1/39,8/31/45,1500,2000,2000,1750.0,,1,,holocaust-jewish,,"override hi-low-avg multiplied by 1.06, to get 5.7 million",http://en.wikipedia.org/wiki/World_War_II_casualties,
Finland,,9/1/39,8/31/45,95,95,,95000.0,,0,,,,,http://en.wikipedia.org/wiki/World_War_II_casualties,
Finland,,9/1/39,8/31/45,2,2,,2000.0,,1,,,,,http://en.wikipedia.org/wiki/World_War_II_casualties,
France,,6/23/40,8/31/45,132600,132600,,132600.0,,0,,,,wiki-buffer,http://en.wikipedia.org/wiki/World_War_II_casualties,
France,,9/1/39,8/31/45,274,274,,274000.0,,1,,,,wiki buffer,http://en.wikipedia.org/wiki/World_War_II_casualties,
France,,5/10/40,6/22/40,55000,85000,85000,70000.0,,0,,invasion-germany,,Battle of France,http://en.wikipedia.org/wiki/Battle_of_France,
France,,9/1/39,8/31/45,75000,77000,81000,76000.0,,1,,holocaust-jewish,,"override hi-low-avg multiplied by 1.06, to get 5.7 million",http://en.wikipedia.org/wiki/World_War_II_casualties,
Germany,,9/1/39,8/31/45,"1,365,000","2,958,000",,2161500.0,,1,,,,wiki buffer,http://en.wikipedia.org/wiki/World_War_II_casualties,
Germany,,9/1/39,9/30/39,15000,15000,,15000.0,,0,,,,,http://en.wikipedia.org/wiki/German_casualties_in_World_War_II,
Germany,,10/1/39,10/31/39,3000,3000,,3000.0,,0,,,,,http://en.wikipedia.org/wiki/German_casualties_in_World_War_II,
Germany,,11/1/39,11/30/39,1000,1000,,1000.0,,0,,,,,http://en.wikipedia.org/wiki/German_casualties_in_World_War_II,
Germany,,1/1/40,1/31/40,2000,2000,,2000.0,,0,,,,,http://en.wikipedia.org/wiki/German_casualties_in_World_War_II,
Germany,,3/1/40,3/31/40,5000,5000,,5000.0,,0,,,,,http://en.wikipedia.org/wiki/German_casualties_in_World_War_II,
Germany,,4/1/40,4/30/40,3000,3000,,3000.0,,0,,,,,http://en.wikipedia.org/wiki/German_casualties_in_World_War_II,
Germany,,5/1/40,5/31/40,21000,21000,,21000.0,,0,,,,,http://en.wikipedia.org/wiki/German_casualties_in_World_War_II,
Germany,,6/1/40,6/30/40,29000,29000,,29000.0,,0,,,,,http://en.wikipedia.org/wiki/German_casualties_in_World_War_II,
Germany,,7/1/40,7/31/40,7000,7000,,7000.0,,0,,,,,http://en.wikipedia.org/wiki/German_casualties_in_World_War_II,
Germany,,8/1/40,8/31/40,4000,4000,,4000.0,,0,,,,,http://en.wikipedia.org/wiki/German_casualties_in_World_War_II,
Germany,,9/1/40,9/30/40,4000,4000,,4000.0,,0,,,,,http://en.wikipedia.org/wiki/German_casualties_in_World_War_II,
Germany,,10/1/40,10/31/40,5033,5033,,5033.0,,0,,,,,http://en.wikipedia.org/wiki/German_casualties_in_World_War_II,
Germany,,11/1/40,11/30/40,1000,1000,,1000.0,,0,,,,,http://en.wikipedia.org/wiki/German_casualties_in_World_War_II,
Germany,,12/1/40,12/31/40,2000,2000,,2000.0,,0,,,,,http://en.wikipedia.org/wiki/German_casualties_in_World_War_II,
Germany,,1/1/41,1/31/41,10000,10000,,10000.0,,0,,,,,http://en.wikipedia.org/wiki/German_casualties_in_World_War_II,
Germany,,2/1/41,2/28/41,1000,1000,,1000.0,,0,,,,,http://en.wikipedia.org/wiki/German_casualties_in_World_War_II,
Germany,,3/1/41,3/31/41,4000,4000,,4000.0,,0,,,,,http://en.wikipedia.org/wiki/German_casualties_in_World_War_II,
Germany,,4/1/41,4/30/41,4000,4000,,4000.0,,0,,,,,http://en.wikipedia.org/wiki/German_casualties_in_World_War_II,
Germany,,5/1/41,5/31/41,13000,13000,,13000.0,,0,,,,,http://en.wikipedia.org/wiki/German_casualties_in_World_War_II,
Germany,,6/1/41,6/30/41,29000,29000,,29000.0,,0,,,,,http://en.wikipedia.org/wiki/German_casualties_in_World_War_II,
Germany,,7/1/41,7/31/41,67132,67132,,67132.0,,0,,,,,http://en.wikipedia.org/wiki/German_casualties_in_World_War_II,
Germany,,8/1/41,8/31/41,51066,51066,,51066.0,,0,,,,,http://en.wikipedia.org/wiki/German_casualties_in_World_War_II,
Germany,,9/1/41,9/30/41,53033,53033,,53033.0,,0,,,,,http://en.wikipedia.org/wiki/German_casualties_in_World_War_II,
Germany,,10/1/41,10/31/41,44099,44099,,44099.0,,0,,,,,http://en.wikipedia.org/wiki/German_casualties_in_World_War_II,
Germany,,11/1/41,11/30/41,38000,38000,,38000.0,,0,,,,,http://en.wikipedia.org/wiki/German_casualties_in_World_War_II,
Germany,,12/1/41,12/31/41,42198,42198,,42198.0,,0,,,,,http://en.wikipedia.org/wiki/German_casualties_in_World_War_II,
Germany,,1/1/42,1/31/42,53165,53165,,53165.0,,0,,,,,http://en.wikipedia.org/wiki/German_casualties_in_World_War_II,
Germany,,2/1/42,2/28/42,52099,52099,,52099.0,,0,,,,,http://en.wikipedia.org/wiki/German_casualties_in_World_War_II,
Germany,,3/1/42,3/31/42,46132,46132,,46132.0,,0,,,,,http://en.wikipedia.org/wiki/German_casualties_in_World_War_II,
Germany,,4/1/42,4/30/42,24066,24066,,24066.0,,0,,,,,http://en.wikipedia.org/wiki/German_casualties_in_World_War_II,
Germany,,5/1/42,5/31/42,44099,44099,,44099.0,,0,,,,,http://en.wikipedia.org/wiki/German_casualties_in_World_War_II,
Germany,,6/1/42,6/30/42,34033,34033,,34033.0,,0,,,,,http://en.wikipedia.org/wiki/German_casualties_in_World_War_II,
Germany,,7/1/42,7/31/42,46099,46099,,46099.0,,0,,,,,http://en.wikipedia.org/wiki/German_casualties_in_World_War_II,
Germany,,8/1/42,8/31/42,74231,74231,,74231.0,,0,,,,,http://en.wikipedia.org/wiki/German_casualties_in_World_War_II,
Germany,,9/1/42,9/30/42,46033,46033,,46033.0,,0,,,,,http://en.wikipedia.org/wiki/German_casualties_in_World_War_II,
Germany,,10/1/42,10/31/42,30000,30000,,30000.0,,0,,,,,http://en.wikipedia.org/wiki/German_casualties_in_World_War_II,
Germany,,11/1/42,11/30/42,38231,38231,,38231.0,,0,,,,,http://en.wikipedia.org/wiki/German_casualties_in_World_War_II,
Germany,,12/1/42,12/31/42,83792,83792,,83792.0,,0,,,,,http://en.wikipedia.org/wiki/German_casualties_in_World_War_II,
Germany,,1/1/43,1/31/43,185376,185376,,185376.0,,0,,,,,http://en.wikipedia.org/wiki/German_casualties_in_World_War_II,
Germany,,2/1/43,2/28/43,74363,74363,,74363.0,,0,,,,,http://en.wikipedia.org/wiki/German_casualties_in_World_War_II,
Germany,,3/1/43,3/31/43,59099,59099,,59099.0,,0,,,,,http://en.wikipedia.org/wiki/German_casualties_in_World_War_II,
Germany,,4/1/43,4/30/43,21066,21066,,21066.0,,0,,,,,http://en.wikipedia.org/wiki/German_casualties_in_World_War_II,
Germany,,5/1/43,5/31/43,31099,31099,,31099.0,,0,,,,,http://en.wikipedia.org/wiki/German_casualties_in_World_War_II,
Germany,,6/1/43,6/30/43,21066,21066,,21066.0,,0,,,,,http://en.wikipedia.org/wiki/German_casualties_in_World_War_II,
Germany,,7/1/43,7/31/43,79231,79231,,79231.0,,0,,,,,http://en.wikipedia.org/wiki/German_casualties_in_World_War_II,
Germany,,8/1/43,8/31/43,66198,66198,,66198.0,,0,,,,,http://en.wikipedia.org/wiki/German_casualties_in_World_War_II,
Germany,,9/1/43,9/30/43,69495,69495,,69495.0,,0,,,,,http://en.wikipedia.org/wiki/German_casualties_in_World_War_II,
Germany,,10/1/43,10/31/43,61330,61330,,61330.0,,0,,,,,http://en.wikipedia.org/wiki/German_casualties_in_World_War_II,
Germany,,11/1/43,11/30/43,77396,77396,,77396.0,,0,,,,,http://en.wikipedia.org/wiki/German_casualties_in_World_War_II,
Germany,,12/1/43,12/31/43,66330,66330,,66330.0,,0,,,,,http://en.wikipedia.org/wiki/German_casualties_in_World_War_II,
Germany,,1/1/44,1/31/44,81330,81330,,81330.0,,0,,,,,http://en.wikipedia.org/wiki/German_casualties_in_World_War_II,
Germany,,2/1/44,2/29/44,91495,91495,,91495.0,,0,,,,,http://en.wikipedia.org/wiki/German_casualties_in_World_War_II,
Germany,,3/1/44,3/31/44,112759,112759,,112759.0,,0,,,,,http://en.wikipedia.org/wiki/German_casualties_in_World_War_II,
Germany,,4/1/44,4/30/44,92363,92363,,92363.0,,0,,,,,http://en.wikipedia.org/wiki/German_casualties_in_World_War_II,
Germany,,5/1/44,5/31/44,78495,78495,,78495.0,,0,,,,,http://en.wikipedia.org/wiki/German_casualties_in_World_War_II,
Germany,,6/1/44,6/30/44,182178,182178,,182178.0,,0,,,,,http://en.wikipedia.org/wiki/German_casualties_in_World_War_II,
Germany,,7/1/44,7/31/44,215013,215013,,215013.0,,0,,,,,http://en.wikipedia.org/wiki/German_casualties_in_World_War_II,
Germany,,8/1/44,8/31/44,348960,348960,,348960.0,,0,,,,,http://en.wikipedia.org/wiki/German_casualties_in_World_War_II,
Germany,,9/1/44,9/30/44,151957,151957,,151957.0,,0,,,,,http://en.wikipedia.org/wiki/German_casualties_in_World_War_II,
Germany,,10/1/44,10/31/44,184089,184089,,184089.0,,0,,,,,http://en.wikipedia.org/wiki/German_casualties_in_World_War_II,
Germany,,11/1/44,11/30/44,103561,103561,,103561.0,,0,,,,,http://en.wikipedia.org/wiki/German_casualties_in_World_War_II,
Germany,,12/1/44,12/31/44,159386,159386,,159386.0,,0,,,,,http://en.wikipedia.org/wiki/German_casualties_in_World_War_II,
Germany,,1/1/45,1/31/45,451742,451742,,451742.0,,0,,,,,http://en.wikipedia.org/wiki/German_casualties_in_World_War_II,
Germany,,2/1/45,2/28/45,294772,294772,,294772.0,,0,,,,,http://en.wikipedia.org/wiki/German_casualties_in_World_War_II,
Germany,,3/1/45,3/31/45,284442,284442,,284442.0,,0,,,,,http://en.wikipedia.org/wiki/German_casualties_in_World_War_II,
Germany,,4/1/45,4/30/45,281848,281848,,281848.0,,0,,,,,http://en.wikipedia.org/wiki/German_casualties_in_World_War_II,
Germany,,5/1/45,5/31/45,94528,94528,,94528.0,,0,,,,,http://en.wikipedia.org/wiki/German_casualties_in_World_War_II,
Germany,,6/1/45,6/30/45,20066,20066,,20066.0,,0,,,,,http://en.wikipedia.org/wiki/German_casualties_in_World_War_II,
Germany,,7/1/45,7/31/45,13000,13000,,13000.0,,0,,,,,http://en.wikipedia.org/wiki/German_casualties_in_World_War_II,
Germany,,8/1/45,8/31/45,27099,27099,,27099.0,,0,,,,,http://en.wikipedia.org/wiki/German_casualties_in_World_War_II,
Germany,"Anklam, Germany",4/28/45,4/28/45,370,380,,375.0,1,1,1,air-firebomb,LUFTW,,http://en.wikipedia.org/wiki/Battle_of_Berlin_(air),
Germany,"Bremen, Germany",4/21/45,4/21/45,61,61,,61.0,1,1,1,air-firebomb,,,http://www.historic.de/Bremen_im_Krieg/Bombenangriffe/Bombenangriffe1942.htm,
Germany,"Ingolstadt, Germany",4/20/45,4/20/45,104,150,,127.0,1,1,1,air-firebomb,USAAF,,http://de.wikipedia.org/wiki/Luftangriffe_auf_Ingolstadt,
Germany,"Oldenburg, Germany",4/14/45,4/14/45,15,15,,15.0,1,1,1,air-firebomb,,,http://de.wikipedia.org/wiki/Luftangriffe_auf_Oldenburg_(Oldenburg),
Germany,"Nuremberg, Germany",4/10/45,4/10/45,74,74,,74.0,1,1,1,air-firebomb,RAF/USAAF,,http://de.wikipedia.org/wiki/Luftangriffe_auf_N%C3%BCrnberg,
Germany,"Leipzig, Germany",4/9/45,4/16/45,700,790,,745.0,1,1,1,air-firebomb,RAF/USAAF,,http://de.wikipedia.org/wiki/Operation_Haddock,
Germany,"Gottingen, Germany",4/6/45,4/6/45,30,30,,30.0,1,1,1,air-firebomb,,,http://de.wikipedia.org/wiki/Luftangriffe_auf_G%C3%B6ttingen,
Germany,"Leipzig, Germany",4/5/45,4/5/45,733,733,,733.0,1,1,1,air-firebomb,USAAF,,http://de.wikipedia.org/wiki/Operation_Haddock,
Germany,"Ingolstadt, Germany",4/4/45,4/4/45,52,52,,52.0,1,1,1,air-firebomb,USAAF,,,
Germany,"Nuremberg, Germany",4/4/45,4/4/45,197,197,,197.0,1,1,1,air-firebomb,USAAF,,http://de.wikipedia.org/wiki/Luftangriffe_auf_N%C3%BCrnberg,
Germany,"Hameln, Germany",3/27/45,3/27/45,110,110,,110.0,1,1,1,air-firebomb,,,http://de.wikipedia.org/wiki/Luftangriffe_auf_Hameln,
Germany,"Paderborn, Germany",3/26/45,3/26/45,900,900,,900.0,1,1,1,air-firebomb,RAF,,http://de.wikipedia.org/wiki/Luftangriffe_auf_Paderborn,
Germany,"Wesel, Germany",3/22/45,3/22/45,36,36,,36.0,1,1,1,air-firebomb,RAF,,http://de.wikipedia.org/wiki/Luftangriffe_auf_Wesel,
Germany,"Hildesheim, Germany",3/21/45,3/21/45,"1,5","1,5",,1500.0,1,1,1,air-firebomb,RAF/RCAF,,http://de.wikipedia.org/wiki/Luftangriffe_auf_Hildesheim,
Germany,"Bremen, Germany",3/21/45,3/29/45,147,147,,147.0,1,1,1,air-firebomb,USAAF,,,
Germany,"Hanau, Germany",3/18/45,3/18/45,"2,3","2,5",,2400.0,1,1,1,air-firebomb,RAF,,http://de.wikipedia.org/wiki/Luftangriff_auf_Hanau_am_19._M%C3%A4rz_1945#Sch.C3.A4den_und_Opfer,
Germany,"Nuremberg, Germany",3/16/45,3/16/45,517,517,,517.0,1,1,1,air-firebomb,RAF,,http://de.wikipedia.org/wiki/Luftangriffe_auf_N%C3%BCrnberg,
Germany,"Hameln, Germany",3/14/45,3/14/45,177,177,,177.0,1,1,1,air-firebomb,,,http://de.wikipedia.org/wiki/Luftangriffe_auf_Hameln,
Germany,"Wuppertal, Germany",3/13/45,3/13/45,500,500,,500.0,1,1,1,air-firebomb,,,,
Germany,"Vienna, Germany",3/12/45,3/26/45,"1,547","1,547",,1547.0,1,1,1,air-firebomb,,,http://www.wien-vienna.at/geschichte.php?ID=158,
Germany,"Swinemunde, Germany",3/12/45,3/12/45,5,23,,14000.0,1,1,1,air-firebomb,USAAF,,http://de.wikipedia.org/wiki/Luftangriff_auf_Swinem%C3%BCnde,
Germany,"Hildesheim, Germany",3/3/45,3/31/45,"1,5","1,6",,1550.0,1,1,1,air-firebomb,,,,
Germany,"Ulm, Germany",3/1/45,3/1/45,479,479,,479.0,1,1,1,air-firebomb,RAF,,http://de.wikipedia.org/wiki/Luftangriffe_auf_Ulm,
Germany,"Ingolstadt, Germany",3/1/45,3/1/45,197,197,,197.0,1,1,1,air-firebomb,USAAF,,,
Germany,"Mainz, Germany",2/27/45,2/27/45,"1,15","1,25",,1200.0,1,1,1,air-firebomb,RAF,,http://de.wikipedia.org/wiki/Geschichte_der_Stadt_Mainz#Mainz_im_Zweiten_Weltkrieg,
Germany,"Leipzig, Germany",2/27/45,2/27/45,677,677,,677.0,1,1,1,air-firebomb,USAAF,,http://de.wikipedia.org/wiki/Operation_Haddock,
Germany,"Bremen, Germany",2/24/45,2/24/45,56,56,,56.0,1,1,1,air-firebomb,USAAF,,,
Germany,"Pforzheim, Germany",2/23/45,2/23/45,"17,6","20,277",,18938.5,1,1,1,air-firebomb,RAF,,http://de.wikipedia.org/wiki/Luftangriff_auf_Pforzheim_am_23._Februar_1945,
Germany,"Meiningen, Germany",2/23/45,2/23/45,208,208,,208.0,1,1,1,air-firebomb,USAAF,Clarion,http://de.wikipedia.org/wiki/Luftangriff_auf_Meiningen_am_23._Februar_1945,
Germany,"Kitzingen, Germany",2/23/45,2/23/45,650,750,,700.0,1,1,1,air-firebomb,USAAF,Clarion,http://de.wikipedia.org/wiki/Kitzingen,
Germany,"Ulm, Germany",2/22/45,2/22/45,206,206,,206.0,1,1,1,air-firebomb,RAF,,,
Germany,"Hildesheim, Germany",2/22/45,2/22/45,230,270,,250.0,1,1,1,air-firebomb,,Clarion,http://de.wikipedia.org/wiki/Luftangriffe_auf_Hildesheim,
Germany,"Ansbach, Germany",2/22/45,2/23/45,445,445,,445.0,1,1,1,air-firebomb,,Clarion,http://de.wikipedia.org/wiki/Operation_Clarion,
Germany,"Plauen, Germany",2/22/45,2/23/45,387,387,,387.0,1,1,1,air-firebomb,,Clarion,http://de.wikipedia.org/wiki/Operation_Clarion,
Germany,"Crailsheim, Germany",2/22/45,2/23/45,61,61,,61.0,1,1,1,air-firebomb,,Clarion,http://de.wikipedia.org/wiki/Operation_Clarion,
Germany,"Neumarkt, Germany",2/22/45,2/23/45,450,550,,500.0,1,1,1,air-firebomb,,Clarion,http://de.wikipedia.org/wiki/Operation_Clarion,
Germany,"Treuchtlingen, Germany",2/22/45,2/23/45,586,586,,586.0,1,1,1,air-firebomb,,Clarion,http://de.wikipedia.org/wiki/Operation_Clarion,
Germany,"Halberstadt, Germany",2/22/45,2/23/45,172,172,,172.0,1,1,1,air-firebomb,,Clarion,http://de.wikipedia.org/wiki/Operation_Clarion,
Germany,"Nuremberg, Germany",2/20/45,2/21/45,"1,356","1,356",,1356.0,1,1,1,air-firebomb,USAAF,,http://de.wikipedia.org/wiki/Luftangriffe_auf_N%C3%BCrnberg,
Germany,"Bremen, Germany",2/17/45,2/17/45,28,28,,28.0,1,1,1,air-firebomb,RAF,,http://www.historic.de/Bremen_im_Krieg/Bombenangriffe/Bombenangriffe1942.htm,
Germany,"Dresden, Germany",2/13/45,2/15/45,"22,7",25,,23850.0,1,1,1,air-firebomb,RAF/USAAF,,http://de.wikipedia.org/wiki/Luftangriffe_auf_Dresden,
Germany,"Stuttgart, Germany",2/12/45,2/12/45,68,68,,68.0,1,1,1,air-firebomb,RAF/USAAF,,http://de.wikipedia.org/wiki/Luftangriffe_auf_Stuttgart,
Germany,"Gottingen, Germany",2/9/45,2/9/45,27,27,,27.0,1,1,1,air-firebomb,,,http://de.wikipedia.org/wiki/Luftangriffe_auf_G%C3%B6ttingen,
Germany,"Magdeburg, Germany",1/16/45,1/16/45,2,"2,5",,2250.0,1,1,1,air-firebomb,RAF,,http://de.wikipedia.org/wiki/Luftangriff_auf_Magdeburg,
Germany,"Ingolstadt, Germany",1/15/45,1/15/45,50,50,,50.0,1,1,1,air-firebomb,USAAF,,http://de.wikipedia.org/wiki/Luftangriffe_auf_Ingolstadt,
Germany,"Munich, Germany",1/8/45,1/8/45,505,505,,505.0,1,1,1,air-firebomb,RAF,,http://de.wikipedia.org/wiki/Luftangriffe_auf_M%C3%BCnchen,
Germany,"Nuremberg, Germany",1/2/45,1/2/45,"1,794","1,794",,1794.0,1,1,1,air-firebomb,RAF,,http://de.wikipedia.org/wiki/Luftangriffe_auf_N%C3%BCrnberg,
Germany,"Gottingen, Germany",1/1/45,1/1/45,47,47,,47.0,1,1,1,air-firebomb,,,http://de.wikipedia.org/wiki/Luftangriffe_auf_G%C3%B6ttingen,
Germany,"Koblenz, Germany",12/28/44,12/29/44,65,65,,65.0,1,1,1,air-firebomb,USAAF/RAF,,http://de.wikipedia.org/wiki/Luftangriffe_auf_Koblenz,
Germany,"Koblenz, Germany",12/22/44,12/22/44,154,154,,154.0,1,1,1,air-firebomb,RAF,,http://de.wikipedia.org/wiki/Luftangriffe_auf_Koblenz,
Germany,"Munich, Germany",12/17/44,12/17/44,562,562,,562.0,1,1,1,air-firebomb,RAF,,http://de.wikipedia.org/wiki/Luftangriffe_auf_M%C3%BCnchen,
Germany,"Ulm, Germany",12/17/44,12/17/44,707,707,,707.0,1,1,1,air-firebomb,RAF,,http://de.wikipedia.org/wiki/Luftangriffe_auf_Ulm,
Germany,"Bebra, Germany",12/4/44,12/4/44,54,83,,68.5,1,1,1,air-firebomb,USAAF,,http://de.wikipedia.org/wiki/Luftangriff_auf_Bebra_am_4._Dezember_1944,
Germany,"Heilbronn, Germany",12/4/44,12/4/44,"6,5","6,5",,6500.0,1,1,1,air-firebomb,RAF,,http://de.wikipedia.org/wiki/Luftangriffe_auf_Heilbronn,
Germany,"Freiburg iB, Germany",11/27/44,11/27/44,"2,8","2,9",,2850.0,1,1,1,air-firebomb,RAF,Tigerfish,http://de.wikipedia.org/wiki/Operation_Tigerfish,
Germany,"Nuremberg, Germany",11/25/44,11/26/44,60,70,,65.0,1,1,1,air-firebomb,RAF,,http://de.wikipedia.org/wiki/Luftangriffe_auf_N%C3%BCrnberg,
Germany,"Koblenz, Germany",11/21/44,11/21/44,64,64,,64.0,1,1,1,air-firebomb,RAF,,http://de.wikipedia.org/wiki/Luftangriffe_auf_Koblenz,
Germany,"Duren, Germany",11/16/44,11/16/44,"3,106","3,106",,3106.0,1,1,1,air-firebomb,USAAF,,http://de.wikipedia.org/wiki/Luftangriffe_auf_D%C3%BCren,
Germany,"Koblenz, Germany",11/6/44,11/6/44,109,109,,109.0,1,1,1,air-firebomb,RAF,,http://de.wikipedia.org/wiki/Luftangriffe_auf_Koblenz,
Germany,"Bochum, Germany",11/4/44,11/4/44,994,1,,997.0,1,1,1,air-firebomb,,,http://de.wikipedia.org/wiki/Luftangriffe_auf_das_Ruhrgebiet,
Germany,"Hannover, Germany",10/26/44,10/26/44,100,201,,150.5,1,1,1,air-firebomb,,,http://de.wikipedia.org/wiki/Luftangriffe_auf_Hannover,
Germany,"Essen, Germany",10/23/44,10/25/44,"1,163","1,2",,1181.5,1,1,1,air-firebomb,RAF,,http://de.wikipedia.org/wiki/Luftangriffe_auf_das_Ruhrgebiet,
Germany,"Nuremberg, Germany",10/19/44,10/20/44,237,237,,237.0,1,1,1,air-firebomb,RAF,,http://de.wikipedia.org/wiki/Luftangriffe_auf_N%C3%BCrnberg,
Germany,"Stuttgart, Germany",10/19/44,10/19/44,338,338,,338.0,1,1,1,air-firebomb,RAF,,http://de.wikipedia.org/wiki/Luftangriffe_auf_Stuttgart,
Germany,"Salzburg, Germany",10/16/44,10/16/44,245,245,,245.0,1,1,1,air-firebomb,,,http://de.wikipedia.org/wiki/Luftangriffe_auf_Salzburg,
Germany,"Braunschweig, Germany",10/14/44,10/15/44,640,640,,640.0,1,1,1,air-firebomb,RAF,Hurricane,,
Germany,"Duisburg, Germany",10/13/44,10/14/44,"2,5","2,6",,2550.0,1,1,1,air-firebomb,RAF,Hurricane,http://de.wikipedia.org/wiki/Operation_Hurricane_(1944),
Germany,"Bremen, Germany",10/12/44,10/12/44,82,82,,82.0,1,1,1,air-firebomb,USAAF,,http://www.historic.de/Bremen_im_Krieg/Bombenangriffe/Bombenangriffe1942.htm,
Germany,"Koblenz, Germany",10/9/44,10/9/44,71,71,,71.0,1,1,1,air-firebomb,USAAF,,,
Germany,"Bremen, Germany",10/6/44,10/6/44,66,66,,66.0,1,1,1,air-firebomb,RAF,,http://www.historic.de/Bremen_im_Krieg/Bombenangriffe/Bombenangriffe1942.htm,
Germany,"Stralsund, Germany",10/6/44,10/6/44,800,800,,800.0,1,1,1,air-firebomb,USAAF,,http://de.wikipedia.org/wiki/Bombenangriff_auf_Stralsund_am_6._Oktober_1944,
Germany,"Nuremberg, Germany",10/3/44,10/3/44,353,353,,353.0,1,1,1,air-firebomb,USAAF,,http://de.wikipedia.org/wiki/Luftangriffe_auf_N%C3%BCrnberg,
Germany,"Koblenz, Germany",9/25/44,9/25/44,109,109,,109.0,1,1,1,air-firebomb,USAAF,,http://de.wikipedia.org/wiki/Luftangriffe_auf_Koblenz,
Germany,"Koblenz, Germany",9/19/44,9/19/44,144,144,,144.0,1,1,1,air-firebomb,USAAF,,,
Germany,"Stuttgart, Germany",9/12/44,9/12/44,957,957,,957.0,1,1,1,air-firebomb,RAF,,http://de.wikipedia.org/wiki/Luftangriffe_auf_Stuttgart,
Germany,"Darmstadt, Germany",9/11/44,9/12/44,11,12,,11500.0,1,1,1,air-firebomb,RAF,,http://de.wikipedia.org/wiki/Luftangriff_auf_Darmstadt,
Germany,"Heilbronn, Germany",9/10/44,9/10/44,281,281,,281.0,1,1,1,air-firebomb,USAAF,,http://de.wikipedia.org/wiki/Luftangriffe_auf_Heilbronn,
Germany,"Bremen, Germany",8/30/44,8/30/44,34,34,,34.0,1,1,1,air-firebomb,USAAF,,http://www.historic.de/Bremen_im_Krieg/Bombenangriffe/Bombenangriffe1942.htm,
Germany,"Lubeck, Germany",8/25/44,8/25/44,110,110,,110.0,1,1,1,air-firebomb,USAAF,,,
Germany,"Lubeck, Germany",3/28/42,3/29/42,301,1,,650.5,,,1,air-firebomb,RAF,,http://ww2db.com/battle_spec.php?battle_id=55,
Germany,"Bremen, Germany",8/18/44,8/19/44,"1,053","1,053",,1053.0,1,1,1,air-firebomb,RAF,,http://de.wikipedia.org/wiki/Luftangriffe_auf_Bremen#Luftangriffe,
Germany,"Anklam, Germany",8/4/44,8/4/44,26,26,,26.0,1,1,1,air-firebomb,USAAF,,http://de.wikipedia.org/wiki/Luftangriffe_auf_Anklam,
Germany,"Hildesheim, Germany",7/29/44,7/29/44,34,34,,34.0,1,1,1,air-firebomb,,,,
Germany,"Bremen, Germany",7/29/44,7/29/44,167,167,,167.0,1,1,1,air-firebomb,USAAF,,http://www.historic.de/Bremen_im_Krieg/Bombenangriffe/Bombenangriffe1942.htm,
Germany,"Stuttgart, Germany",7/25/44,7/25/44,884,884,,884.0,1,1,1,air-firebomb,RAF,,http://de.wikipedia.org/wiki/Luftangriffe_auf_Stuttgart,
Germany,"Duren, Germany",7/19/44,7/21/44,135,135,,135.0,1,1,1,air-firebomb,RAF,,http://de.wikipedia.org/wiki/Luftangriffe_auf_D%C3%BCren,
Germany,"Koblenz, Germany",7/19/44,7/19/44,74,74,,74.0,1,1,1,air-firebomb,USAAF,,http://de.wikipedia.org/wiki/Luftangriffe_auf_Koblenz,
Germany,"Hameln, Germany",7/7/44,7/7/44,19,20,,19.5,1,1,1,air-firebomb,,,http://de.wikipedia.org/wiki/Luftangriffe_auf_Hameln,
Germany,"Duren, Germany",7/6/44,7/6/44,23,23,,23.0,1,1,1,air-firebomb,RAF,,http://de.wikipedia.org/wiki/Luftangriffe_auf_D%C3%BCren,
Germany,"Bremen, Germany",6/24/44,6/24/44,115,115,,115.0,1,1,1,air-firebomb,RAF,,http://www.historic.de/Bremen_im_Krieg/Bombenangriffe/Bombenangriffe1942.htm,
Germany,"Hannover, Germany",6/18/44,6/18/44,31,31,,31.0,1,1,1,air-firebomb,USAAF,,http://de.wikipedia.org/wiki/Luftangriffe_auf_Hannover,
Germany,"Munich, Germany",4/24/44,4/25/44,136,136,,136.0,1,1,1,air-firebomb,,,http://de.wikipedia.org/wiki/Luftangriffe_auf_M%C3%BCnchen,
Germany,"Dusseldorf, Germany",4/22/44,4/23/44,748,748,,748.0,1,1,1,air-firebomb,RAF,,http://de.wikipedia.org/wiki/Luftangriffe_auf_D%C3%BCsseldorf,
Germany,"Koblenz, Germany",4/22/44,4/22/44,115,115,,115.0,1,1,1,air-firebomb,USAAF,,,
Germany,"Koblenz, Germany",4/19/44,4/19/44,21,21,,21.0,1,1,1,air-firebomb,USAAF,,http://de.wikipedia.org/wiki/Luftangriffe_auf_Koblenz,
Germany,"Nuremberg, Germany",4/10/44,4/10/44,82,82,,82.0,1,1,1,air-firebomb,USAAF,,http://de.wikipedia.org/wiki/Luftangriffe_auf_N%C3%BCrnberg,
Germany,"Nuremberg, Germany",3/31/44,3/31/44,74,74,,74.0,1,1,1,air-firebomb,RAF,,http://de.wikipedia.org/wiki/Luftangriffe_auf_N%C3%BCrnberg,
Germany,"Frankfurt aM, Germany",3/18/44,3/19/44,421,421,,421.0,1,1,1,air-firebomb,RAF,,http://de.wikipedia.org/wiki/Luftangriffe_auf_Frankfurt_am_Main,
Germany,"Stuttgart, Germany",3/15/44,3/16/44,88,88,,88.0,1,1,1,air-firebomb,RAF,,http://de.wikipedia.org/wiki/Luftangriffe_auf_Stuttgart,
Germany,"Stuttgart, Germany",3/2/44,3/2/44,121,121,,121.0,1,1,1,air-firebomb,RAF,,http://de.wikipedia.org/wiki/Luftangriffe_auf_Stuttgart,
Germany,"Augsburg, Germany",2/25/44,2/26/44,730,730,,730.0,1,1,1,air-firebomb,RAF,,http://de.wikipedia.org/wiki/Luftangriffe_auf_Augsburg,
Germany,"Nuremberg, Germany",2/25/44,2/25/44,138,138,,138.0,1,1,1,air-firebomb,USAAF,,http://de.wikipedia.org/wiki/Luftangriffe_auf_N%C3%BCrnberg,
Germany,"Stuttgart, Germany",2/21/44,2/22/44,159,159,,159.0,1,1,1,air-firebomb,RAF,,http://de.wikipedia.org/wiki/Luftangriffe_auf_Stuttgart,
Germany,"Leipzig, Germany",2/20/44,2/20/44,970,970,,970.0,1,1,1,air-firebomb,USAAF/RAF,Big Week,http://de.wikipedia.org/wiki/Operation_Haddock,
Germany,"Berlin, Germany",2/15/44,2/16/44,1,2,,1500.0,1,1,1,air-firebomb,RAF,Battle of Berlin,,
Germany,"Hannover, Germany",1/11/44,1/11/44,28,28,,28.0,1,1,1,air-firebomb,LUFTW(Acc),,http://de.wikipedia.org/wiki/Luftangriffe_auf_Hannover,
Germany,"Bremen, Germany",12/13/43,12/20/43,185,185,,185.0,1,1,1,air-firebomb,USAAF,,http://www.historic.de/Bremen_im_Krieg/Bombenangriffe/Bombenangriffe1942.htm,
Germany,"Leipzig, Germany",12/4/43,12/4/43,"1,8","1,89",,1845.0,1,1,1,air-firebomb,RAF,Haddock,http://de.wikipedia.org/wiki/Operation_Haddock,
Germany,"Berlin, Germany",11/22/43,11/23/43,2,3,,2500.0,1,1,1,air-firebomb,RAF,Battle of Berlin,http://www.saak.nl/battlefield%20tour/2008%20berlin/berlin%20history/berlin1943/berlin1943%20en.htm,
Germany,"Dusseldorf, Germany",11/3/43,11/4/43,622,622,,622.0,1,1,1,air-firebomb,RAF,,,
Germany,"Kassel, Germany",10/22/43,10/23/43,10,11,,10500.0,1,1,1,air-firebomb,RAF,,http://de.wikipedia.org/wiki/Luftangriff_auf_Kassel_am_22._Oktober_1943#Die_Folgen,
Germany,"Hannover, Germany",10/18/43,10/18/43,157,157,,157.0,1,1,1,air-firebomb,RAF,,http://de.wikipedia.org/wiki/Luftangriffe_auf_Hannover,
Germany,"Hannover, Germany",10/9/43,10/9/43,"1,245","1,245",,1245.0,1,1,1,air-firebomb,RAF,,http://de.wikipedia.org/wiki/Luftangriffe_auf_Hannover,
Germany,"Anklam, Germany",10/9/43,10/9/43,400,500,,450.0,1,1,1,air-firebomb,USAAF,,http://de.wikipedia.org/wiki/Luftangriffe_auf_Anklam,
Germany,"Stuttgart, Germany",10/8/43,10/8/43,101,101,,101.0,1,1,1,air-firebomb,RAF,,http://de.wikipedia.org/wiki/Luftangriffe_auf_Stuttgart,
Germany,"Bremen, Germany",10/8/43,10/8/43,132,132,,132.0,1,1,1,air-firebomb,USAAF,,http://www.historic.de/Bremen_im_Krieg/Bombenangriffe/Bombenangriffe1942.htm,
Germany,"Frankfurt aM, Germany",10/4/43,10/4/43,529,529,,529.0,1,1,1,air-firebomb,RAF,,http://de.wikipedia.org/wiki/Luftangriffe_auf_Frankfurt_am_Main,
Germany,"Hannover, Germany",9/27/43,9/28/43,196,196,,196.0,1,1,1,air-firebomb,RAF,,http://de.wikipedia.org/wiki/Luftangriffe_auf_Hannover,
Germany,"Hannover, Germany",9/22/43,9/23/43,201,201,,201.0,1,1,1,air-firebomb,RAF,,http://de.wikipedia.org/wiki/Luftangriffe_auf_Hannover,
Germany,"Stuttgart, Germany",9/6/43,9/6/43,107,107,,107.0,1,1,1,air-firebomb,USAAF,,,
Germany,"Vienna, Germany",8/13/43,8/13/43,181,181,,181.0,1,1,1,air-firebomb,USAAF,,http://www.wien-vienna.at/geschichte.php?ID=158,
Germany,"Nuremberg, Germany",8/10/43,8/11/43,585,585,,585.0,1,1,1,air-firebomb,RAF,,http://de.wikipedia.org/wiki/Luftangriffe_auf_N%C3%BCrnberg,
Germany,"Remscheid, Germany",7/30/43,7/31/43,"1,2","1,2",,1200.0,1,1,1,air-firebomb,RAF,,http://de.wikipedia.org/wiki/Luftangriffe_auf_das_Ruhrgebiet,
Germany,"Hannover, Germany",7/26/43,7/26/43,273,273,,273.0,1,1,1,air-firebomb,USAAF,,http://de.wikipedia.org/wiki/Luftangriffe_auf_Hannover,
Germany,"Hamburg, Germany",7/24/43,7/30/43,30,34,,32000.0,1,1,1,air-firebomb,RAF/USAAF,Gomorrah,http://de.wikipedia.org/wiki/Feuersturm_von_Hamburg,
Germany,"Cologne, Germany",6/28/43,6/29/43,"4,377","4,5",,4438.5,1,1,1,air-firebomb,RAF,,http://de.wikipedia.org/wiki/Luftangriffe_auf_das_Ruhrgebiet,
Germany,"Elberfeld, Germany",6/24/43,6/24/43,"1,9","1,9",,1900.0,1,1,1,air-firebomb,RAF,,http://de.wikipedia.org/wiki/Luftangriffe_auf_Wuppertal,
Germany,"Marl, Germany",6/22/43,6/22/43,180,180,,180.0,1,1,1,air-firebomb,USAAF,,http://de.wikipedia.org/wiki/Luftangriffe_auf_das_Ruhrgebiet,
Germany,"Dusseldorf, Germany",6/11/43,6/12/43,550,650,,600.0,1,1,1,air-firebomb,RAF,,http://de.wikipedia.org/wiki/Luftangriffe_auf_D%C3%BCsseldorf,
Germany,"Wuppertal, Germany",5/29/43,5/30/43,"2,732","3,38",,3056.0,1,1,1,air-firebomb,RAF,,http://de.wikipedia.org/wiki/Luftangriffe_auf_Wuppertal,
Germany,"Ruhr Dams, Germany",5/17/43,5/17/43,"1,284","1,9",,1592.0,1,1,1,air-firebomb,RAF,Chastise,http://de.wikipedia.org/wiki/Luftangriffe_auf_das_Ruhrgebiet,
Germany,"Kiel, Germany",5/14/43,5/14/43,150,350,,250.0,1,1,1,air-firebomb,USAAF,,http://de.wikipedia.org/wiki/Luftangriffe_auf_Kiel,
Germany,"Bochum, Germany",5/13/43,5/14/43,360,370,,365.0,1,1,1,air-firebomb,RAF,,http://de.wikipedia.org/wiki/Luftangriffe_auf_das_Ruhrgebiet,
Germany,"Dortmund, Germany",5/4/43,5/5/43,690,690,,690.0,1,1,1,air-firebomb,RAF,,http://de.wikipedia.org/wiki/Luftangriffe_auf_das_Ruhrgebiet,
Germany,"Stuttgart, Germany",4/15/43,4/15/43,619,619,,619.0,1,1,1,air-firebomb,RAF,,http://de.wikipedia.org/wiki/Luftangriffe_auf_Stuttgart,
Germany,"Bremen, Germany",3/18/43,3/18/43,129,129,,129.0,1,1,1,air-firebomb,USAAF,,http://www.historic.de/Bremen_im_Krieg/Bombenangriffe/Bombenangriffe1942.htm,
Germany,"Stuttgart, Germany",3/11/43,3/11/43,112,112,,112.0,1,1,1,air-firebomb,RAF,,http://de.wikipedia.org/wiki/Luftangriffe_auf_Stuttgart,
Germany,"Nuremberg, Germany",3/8/43,3/9/43,343,343,,343.0,1,1,1,air-firebomb,RAF,,http://de.wikipedia.org/wiki/Luftangriffe_auf_N%C3%BCrnberg,
Germany,"Essen, Germany",3/5/43,3/5/43,457,461,,459.0,1,1,1,air-firebomb,RAF,,http://de.wikipedia.org/wiki/Luftangriffe_auf_das_Ruhrgebiet,
Germany,"Nuremberg, Germany",2/25/43,2/26/43,27,27,,27.0,1,1,1,air-firebomb,RAF,,http://de.wikipedia.org/wiki/Luftangriffe_auf_N%C3%BCrnberg,
Germany,"Berlin, Germany",1/16/43,3/30/43,200,600,,400.0,1,1,1,air-firebomb,RAF,,,
Germany,"Munich, Germany",9/19/42,9/19/42,30,30,,30.0,1,1,1,air-firebomb,RAF,,http://de.wikipedia.org/wiki/Luftangriffe_auf_M%C3%BCnchen,
Germany,"Bremen, Germany",9/14/42,9/14/42,67,67,,67.0,1,1,1,air-firebomb,RAF,,http://www.historic.de/Bremen_im_Krieg/Bombenangriffe/Bombenangriffe1942.htm,
Germany,"Nuremberg, Germany",8/28/42,8/29/42,136,136,,136.0,1,1,1,air-firebomb,RAF,,http://de.wikipedia.org/wiki/Luftangriffe_auf_N%C3%BCrnberg,
Germany,"Mainz, Germany",8/12/42,8/12/42,161,161,,161.0,1,1,1,air-firebomb,RAF,,http://de.wikipedia.org/wiki/Geschichte_der_Stadt_Mainz#Mainz_im_Zweiten_Weltkrieg,
Germany,"Bremen, Germany",6/30/42,6/30/42,8,8,,8.0,1,1,1,air-firebomb,RAF,,http://www.historic.de/Bremen_im_Krieg/Bombenangriffe/Bombenangriffe1942.htm,
Germany,"Bremen, Germany",6/28/42,6/28/42,7,7,,7.0,1,1,1,air-firebomb,RAF,,http://www.historic.de/Bremen_im_Krieg/Bombenangriffe/Bombenangriffe1942.htm,
Germany,"Bremen, Germany",6/26/42,6/26/42,85,85,,85.0,1,1,1,air-firebomb,RAF,,http://www.historic.de/Bremen_im_Krieg/Bombenangriffe/Bombenangriffe1942.htm,
Germany,"Cologne, Germany",5/30/42,5/31/42,411,480,,445.5,1,1,1,air-firebomb,RAF,Millenium,,
Germany,"Heilbronn, Germany",5/7/42,5/7/42,7,7,,7.0,1,1,1,air-firebomb,RAF,,http://de.wikipedia.org/wiki/Luftangriffe_auf_Heilbronn,
Germany,"Augsburg, Germany",4/17/42,4/17/42,12,12,,12.0,1,1,1,air-firebomb,RAF,Margin,http://de.wikipedia.org/wiki/Luftangriffe_auf_Augsburg,
Germany,"Koblenz, Germany",4/6/42,4/6/42,12,12,,12.0,1,1,1,air-firebomb,RAF,,http://de.wikipedia.org/wiki/Luftangriffe_auf_Koblenz,
Germany,"Bremen, Germany",4/6/42,4/6/42,73,73,,73.0,1,1,1,air-firebomb,RAF,,http://www.historic.de/Bremen_im_Krieg/Bombenangriffe/Bombenangriffe1942.htm,
Germany,"Bremen, Germany",2/11/42,2/11/42,7,7,,7.0,1,1,1,air-firebomb,RAF,,http://www.historic.de/Bremen_im_Krieg/Bombenangriffe/Bombenangriffe1942.htm,
Germany,"Bremen, Germany",1/26/42,1/26/42,26,26,,26.0,1,1,1,air-firebomb,RAF,,http://www.historic.de/Bremen_im_Krieg/Bombenangriffe/Bombenangriffe1942.htm,
Germany,"Nuremberg, Germany",10/12/41,10/13/41,9,9,,9.0,1,1,1,air-firebomb,RAF,,http://de.wikipedia.org/wiki/Luftangriffe_auf_N%C3%BCrnberg,
Germany,"Frankfurt aM, Germany",9/12/41,9/13/41,8,8,,8.0,1,1,1,air-firebomb,RAF,,http://de.wikipedia.org/wiki/Luftangriffe_auf_Frankfurt_am_Main,
Germany,"Hameln, Germany",6/13/41,6/13/41,29,29,,29.0,1,1,1,air-firebomb,RAF,,http://de.wikipedia.org/wiki/Luftangriffe_auf_Hameln,
Germany,"Bremen, Germany",4/17/41,4/17/41,20,20,,20.0,1,1,1,air-firebomb,RAF,,http://www.historic.de/Bremen_im_Krieg/Bombenangriffe/Bombenangriffe1942.htm,
Germany,"Hannover, Germany",2/10/41,2/10/41,101,101,,101.0,1,1,1,air-firebomb,RAF,,http://de.wikipedia.org/wiki/Luftangriffe_auf_Hannover,
Germany,"Hannover, Germany",5/19/40,5/19/40,19,19,,19.0,1,1,1,air-firebomb,RAF,,http://de.wikipedia.org/wiki/Luftangriffe_auf_Hannover,
Germany,"Freiburg iB, Germany",5/10/40,5/10/40,57,57,,57.0,1,1,0,air-firebomb,RAF,,http://de.wikipedia.org/wiki/Bombenangriff_auf_Freiburg_am_10._Mai_1940,
Germany,,9/1/39,8/31/45,135000,142000,147000,138500.0,,1,,holocaust-jewish,,"override hi-low-avg multiplied by 1.06, to get 5.7 million",http://en.wikipedia.org/wiki/World_War_II_casualties,
Greece,,9/1/39,8/31/45,20,"35,1",,27550.0,,0,,,,,http://en.wikipedia.org/wiki/World_War_II_casualties,
Greece,,9/1/39,8/31/45,237,237,,237000.0,,1,,,,wiki buffer,http://en.wikipedia.org/wiki/World_War_II_casualties,
Greece,,9/1/39,8/31/45,59000,67000,67000,63000.0,,1,,holocaust-jewish,,"override hi-low-avg multiplied by 1.06, to get 5.7 million",http://en.wikipedia.org/wiki/World_War_II_casualties,
Hungary,,6/22/41,8/31/45,300,300,,300000.0,,0,,,,,http://en.wikipedia.org/wiki/World_War_II_casualties,
Hungary,,9/1/39,8/31/45,50000,50000,,50000.0,,1,,,,Tamos Stark of the Hungarian Academy of Sciences,http://en.wikipedia.org/wiki/World_War_II_casualties,
Hungary,,9/1/39,8/31/45,340000,569000,,454500.0,,1,,holocaust-jewish,,wikipedia totals (holo vs country seem to contradict),http://en.wikipedia.org/wiki/World_War_II_casualties,
Iceland,,9/1/39,8/31/45,200,200,,200.0,,1,,,,,http://en.wikipedia.org/wiki/World_War_II_casualties,
Ireland,,9/1/39,8/31/45,200,200,,200.0,,1,,,,,http://en.wikipedia.org/wiki/World_War_II_casualties,
Italy,,1/1/40,12/31/40,"12,776","12,776",13217,12776.0,,0,,,,"total from wiki, yearl dist from dem res",http://en.wikipedia.org/wiki/World_War_II_casualties and http://www.demographic-research.org/volumes/vol13/15/13-15.pdf,
Italy,,1/1/41,12/31/41,"40,929","40,929",42342,40929.0,,0,,,,"total from wiki, yearl dist from dem res",http://en.wikipedia.org/wiki/World_War_II_casualties and http://www.demographic-research.org/volumes/vol13/15/13-15.pdf,
Italy,,1/1/42,12/31/42,"63,999","63,999",66209,63999.0,,0,,,,"total from wiki, yearl dist from dem res",http://en.wikipedia.org/wiki/World_War_II_casualties and http://www.demographic-research.org/volumes/vol13/15/13-15.pdf,
Italy,,1/1/43,12/31/43,"106,989","106,989",110683,106989.0,,0,,,,"total from wiki, yearl dist from dem res",http://en.wikipedia.org/wiki/World_War_II_casualties and http://www.demographic-research.org/volumes/vol13/15/13-15.pdf,
Italy,,1/1/44,12/31/44,"41,757","41,757",43199,41757.0,,0,,,,"total from wiki, yearl dist from dem res",http://en.wikipedia.org/wiki/World_War_II_casualties and http://www.demographic-research.org/volumes/vol13/15/13-15.pdf,
Italy,,1/1/45,8/31/45,"24,89","24,89",25749,24890.0,,0,,,,"total from wiki, yearl dist from dem res",http://en.wikipedia.org/wiki/World_War_II_casualties and http://www.demographic-research.org/volumes/vol13/15/13-15.pdf,
Italy,,9/1/39,8/31/45,"145,2","145,2",,145200.0,,1,,,,wiki buffer,http://en.wikipedia.org/wiki/World_War_II_casualties,
Italy,,9/1/39,8/31/45,6500,9000,8000,7750.0,,1,,holocaust-jewish,,"override hi-low-avg multiplied by 1.06, to get 5.7 million",http://en.wikipedia.org/wiki/World_War_II_casualties,
Latvia,,9/1/39,8/31/45,0,0,,0.0,,0,,,,,http://en.wikipedia.org/wiki/World_War_II_casualties,
Latvia,,9/1/39,8/31/45,159,159,,159000.0,,1,,,,wiki buffer,http://en.wikipedia.org/wiki/World_War_II_casualties,
Latvia,,9/1/39,8/31/45,70000,72000,75000,71000.0,,1,,holocaust-jewish,,"override hi-low-avg multiplied by 1.06, to get 5.7 million",http://en.wikipedia.org/wiki/World_War_II_casualties,
Lithuania,,9/1/39,8/31/45,"213,5","213,5",,213500.0,,1,,,,wiki buffer,http://en.wikipedia.org/wiki/World_War_II_casualties,
Lithuania,,9/1/39,8/31/45,130000,143000,145000,136500.0,,1,,holocaust-jewish,,"override hi-low-avg multiplied by 1.06, to get 5.7 million",http://en.wikipedia.org/wiki/World_War_II_casualties,
Luxembourg,,9/1/39,8/31/45,500,500,,500.0,,1,,,,wiki buffer,http://en.wikipedia.org/wiki/World_War_II_casualties,
Luxembourg,,9/1/39,8/31/45,1000,2000,2000,1500.0,,1,,holocaust-jewish,,"override hi-low-avg multiplied by 1.06, to get 5.7 million",http://en.wikipedia.org/wiki/World_War_II_casualties,
Malta,,9/1/39,8/31/45,"1,5","1,5",,1500.0,,1,,,,,http://en.wikipedia.org/wiki/World_War_II_casualties,
Netherlands,,9/1/39,8/31/45,17,17,,17000.0,,0,,,,,http://en.wikipedia.org/wiki/World_War_II_casualties,
Netherlands,,9/1/39,8/31/45,"181,5","181,5",,181500.0,,1,,,,wiki buffer,http://en.wikipedia.org/wiki/World_War_II_casualties,
Netherlands,,9/1/39,8/31/45,100000,105000,109000,102500.0,,1,,holocaust-jewish,,"override hi-low-avg multiplied by 1.06, to get 5.7 million",http://en.wikipedia.org/wiki/World_War_II_casualties,
Norway,,9/1/39,8/31/45,3,3,,3000.0,,0,,,,,http://en.wikipedia.org/wiki/World_War_II_casualties,
Norway,,9/1/39,8/31/45,"5,7","5,7",,5700.0,,1,,,,wiki buffer,http://en.wikipedia.org/wiki/World_War_II_casualties,
Norway,,9/1/39,8/31/45,800,800,1000,800.0,,1,,holocaust-jewish,,"override hi-low-avg multiplied by 1.06, to get 5.7 million",http://en.wikipedia.org/wiki/World_War_II_casualties,
Poland,,10/7/39,8/31/45,174,174,,174000.0,,0,,,,wiki buffer,http://en.wikipedia.org/wiki/World_War_II_casualties,
Poland,,9/1/39,8/31/45,"2,630,000","2,630,000",,2630000.0,,1,,,,wiki buffer,http://en.wikipedia.org/wiki/World_War_II_casualties,
Poland,,9/1/39,10/6/39,66,66,,66000.0,,0,,invasion-germany,,,http://en.wikipedia.org/wiki/World_War_II_casualties,
Poland,,9/1/39,8/31/45,2700000,3000000,3021000,2850000.0,,1,,holocaust-jewish,,"override hi-low-avg multiplied by 1.06, to get 5.7 million",http://en.wikipedia.org/wiki/World_War_II_casualties,
Romania,,6/22/41,8/31/45,300,300,,300000.0,,0,,,,,http://en.wikipedia.org/wiki/World_War_II_casualties,
Romania,,9/1/39,8/31/45,296,296,,296000.0,,1,,,,wiki buffer,http://en.wikipedia.org/wiki/World_War_II_casualties,
Romania,,9/1/39,8/31/45,121000,287000,216000,204000.0,,1,,holocaust-jewish,,"override hi-low-avg multiplied by 1.06, to get 5.7 million",http://en.wikipedia.org/wiki/World_War_II_casualties,
Slovakia,,9/1/39,8/31/45,60000,71000,69000,65500.0,,1,,holocaust-jewish,,"no country total in wikipedia - maybew/ soviet? override hi-low-avg multiplied by 1.06, to get 5.7 million",http://en.wikipedia.org/wiki/World_War_II_casualties,
Soviet_Union,,9/1/39,8/31/45,"9,000,000","9,000,000",,9000000.0,,1,,,,need to decide on numbers,http://en.wikipedia.org/wiki/World_War_II_casualties,
Soviet_Union,,7/1/41,9/30/41,1916709,1916709,,1916709.0,,0,,,,"includes returned pow, multiplied by .9",http://en.wikipedia.org/wiki/World_War_II_casualties_of_the_Soviet_Union,
Soviet_Union,,10/1/41,12/31/41,907196,907196,,907196.0,,0,,,,"includes returned pow, multiplied by .9",http://en.wikipedia.org/wiki/World_War_II_casualties_of_the_Soviet_Union,
Soviet_Union,,1/1/42,3/31/42,607784,607784,,607784.0,,0,,,,"includes returned pow, multiplied by .9",http://en.wikipedia.org/wiki/World_War_II_casualties_of_the_Soviet_Union,
Soviet_Union,,4/1/42,6/30/42,758608,758608,,758608.0,,0,,,,"includes returned pow, multiplied by .9",http://en.wikipedia.org/wiki/World_War_II_casualties_of_the_Soviet_Union,
Soviet_Union,,7/1/42,9/30/42,1102046,1102046,,1102046.0,,0,,,,"includes returned pow, multiplied by .9",http://en.wikipedia.org/wiki/World_War_II_casualties_of_the_Soviet_Union,
Soviet_Union,,10/1/42,12/31/42,463957,463957,,463957.0,,0,,,,"includes returned pow, multiplied by .9",http://en.wikipedia.org/wiki/World_War_II_casualties_of_the_Soviet_Union,
Soviet_Union,,1/1/43,3/31/43,654043,654043,,654043.0,,0,,,,"includes returned pow, multiplied by .9",http://en.wikipedia.org/wiki/World_War_II_casualties_of_the_Soviet_Union,
Soviet_Union,,4/1/43,6/30/43,172714,172714,,172714.0,,0,,,,"includes returned pow, multiplied by .9",http://en.wikipedia.org/wiki/World_War_II_casualties_of_the_Soviet_Union,
Soviet_Union,,7/1/43,9/30/43,723470,723470,,723470.0,,0,,,,"includes returned pow, multiplied by .9",http://en.wikipedia.org/wiki/World_War_II_casualties_of_the_Soviet_Union,
Soviet_Union,,10/1/43,12/31/43,530960,530960,,530960.0,,0,,,,"includes returned pow, multiplied by .9",http://en.wikipedia.org/wiki/World_War_II_casualties_of_the_Soviet_Union,
Soviet_Union,,1/1/44,3/31/44,513685,513685,,513685.0,,0,,,,"includes returned pow, multiplied by .9",http://en.wikipedia.org/wiki/World_War_II_casualties_of_the_Soviet_Union,
Soviet_Union,,4/1/44,6/30/44,309832,309832,,309832.0,,0,,,,"includes returned pow, multiplied by .9",http://en.wikipedia.org/wiki/World_War_II_casualties_of_the_Soviet_Union,
Soviet_Union,,7/1/44,9/30/44,459711,459711,,459711.0,,0,,,,"includes returned pow, multiplied by .9",http://en.wikipedia.org/wiki/World_War_II_casualties_of_the_Soviet_Union,
Soviet_Union,,10/1/44,12/31/44,304274,304274,,304274.0,,0,,,,"includes returned pow, multiplied by .9",http://en.wikipedia.org/wiki/World_War_II_casualties_of_the_Soviet_Union,
Soviet_Union,,1/1/45,3/31/45,501769,501769,,501769.0,,0,,,,"includes returned pow, multiplied by .9",http://en.wikipedia.org/wiki/World_War_II_casualties_of_the_Soviet_Union,
Soviet_Union,,4/1/45,6/30/45,218966,218966,,218966.0,,0,,,,"includes returned pow, multiplied by .9",http://en.wikipedia.org/wiki/World_War_II_casualties_of_the_Soviet_Union,
Soviet_Union,,9/1/39,8/31/45,700000,1100000,954000,900000.0,,1,,holocaust-jewish,,"override hi-low-avg multiplied by 1.06, to get 5.7 million",http://en.wikipedia.org/wiki/World_War_II_casualties,
Sweden,,9/1/39,8/31/45,600,600,,600.0,,1,,,,,http://en.wikipedia.org/wiki/World_War_II_casualties,
Switzerland,,9/1/39,8/31/45,100,100,,100.0,,1,,,,,http://en.wikipedia.org/wiki/World_War_II_casualties,
United_Kingdom,,4/1/40,8/31/45,"16,591","16,591",,16591.0,,1,,,,wiki buffer,http://en.wikipedia.org/wiki/World_War_II_casualties,
United_Kingdom,London,9/7/40,9/7/40,430,430,,430.0,1,1,,air-firebomb,LUFTW,,http://www.century-of-flight.net/Aviation%20history/WW2/blitz.htm,
United_Kingdom,Liverpool,5/1/41,5/8/41,"1,75","1,75",,1750.0,1,1,,air-firebomb,LUFTW,,http://ww2today.com/3rd-may-1941-liverpools-may-blitz,
United_Kingdom,Liverpool,8/9/40,11/29/40,35,35,,35.0,1,1,,air-firebomb,LUFTW,,http://www.century-of-flight.net/Aviation%20history/WW2/blitz.htm, http://liverpoolremembrance.weebly.com/bombings-1942.html
United_Kingdom,Bristol,11/24/40,5/15/44,657,657,,657.0,1,1,,air-firebomb,LUFTW,,http://www.century-of-flight.net/Aviation%20history/WW2/blitz.htm, http://www.bristolblitzed.org/?page_id=63
United_Kingdom,Cardiff,7/3/40,7/2/42,355,355,,355.0,1,1,,air-firebomb,LUFTW,,http://www.century-of-flight.net/Aviation%20history/WW2/blitz.htm, http://www.bbc.co.uk/wales/history/sites/themes/periods/ww2_bombing.shtml
United_Kingdom,Hull,6/19/40,5/3/45,"1,2","1,2",,1200.0,1,1,,air-firebomb,LUFTW,,http://www.century-of-flight.net/Aviation%20history/WW2/blitz.htm, http://www.bbc.co.uk/news/uk-england-humber-20341765
United_Kingdom,Portsmouth,7/11/40,5/31/44,40,40,,40000.0,1,1,,air-firebomb,LUFTW,,http://www.century-of-flight.net/Aviation%20history/WW2/blitz.htm, http://www.welcometoportsmouth.co.uk/the%20blitz.html
United_Kingdom,Plymouth,4/22/41,4/23/41,76,76,,76.0,1,1,,air-firebomb,LUFTW,,http://www.century-of-flight.net/Aviation%20history/WW2/blitz.htm, http://www.mayflowersteps.co.uk/plymouth/theblitz.html
United_Kingdom,Plymouth,3/20/41,3/21/41,292,292,,292.0,1,1,,air-firebomb,LUFTW,,http://www.century-of-flight.net/Aviation%20history/WW2/blitz.htm, http://plymouthdata.info/Second%20World%20War-1941-Blitz.htm
United_Kingdom,Southampton,11/30/40,11/30/40,630,630,,630.0,1,1,,air-firebomb,LUFTW,,http://www.century-of-flight.net/Aviation%20history/WW2/blitz.htm, http://news.bbc.co.uk/local/hampshire/hi/people_and_places/history/newsid_9241000/9241143.stm
United_Kingdom,Swansea,2/19/41,2/21/41,227,227,,227.0,1,1,,air-firebomb,LUFTW,,http://www.century-of-flight.net/Aviation%20history/WW2/blitz.htm, http://www.bbc.co.uk/wales/history/sites/themes/periods/ww2_bombing.shtml
United_Kingdom,Birmingham,10/25/40,10/25/40,19,19,,19.0,1,1,,air-firebomb,LUFTW,,http://www.century-of-flight.net/Aviation%20history/WW2/blitz.htm, http://secondcity.weebly.com/air-raids-in-birmingham-during-world-war-ii.html
United_Kingdom,Birmingham,11/19/40,11/28/40,796,796,,796.0,1,1,,air-firebomb,LUFTW,,http://www.century-of-flight.net/Aviation%20history/WW2/blitz.htm, http://secondcity.weebly.com/air-raids-in-birmingham-during-world-war-ii.html
United_Kingdom,Birmingham,4/9/41,4/10/41,"1,121","1,121",,1121.0,1,1,,air-firebomb,LUFTW,,http://www.century-of-flight.net/Aviation%20history/WW2/blitz.htm, http://secondcity.weebly.com/air-raids-in-birmingham-during-world-war-ii.html
United_Kingdom,Belfast,4/7/41,4/16/41,"1,043","1,043",,1043.0,1,1,,air-firebomb,LUFTW,,http://www.century-of-flight.net/Aviation%20history/WW2/blitz.htm, http://www.historylearningsite.co.uk/blitz_belfast_1941.htm
United_Kingdom,Belfast,5/4/41,5/4/41,200,200,,200.0,1,1,,air-firebomb,LUFTW,,http://www.century-of-flight.net/Aviation%20history/WW2/blitz.htm, http://www.historylearningsite.co.uk/blitz_belfast_1941.htm
United_Kingdom,Coventry,11/14/40,11/14/41,380,554,,467.0,1,1,,air-firebomb,LUFTW,,http://www.century-of-flight.net/Aviation%20history/WW2/blitz.htm, http://news.bbc.co.uk/onthisday/hi/dates/stories/november/15/newsid_3522000/3522785.stm
United_Kingdom,Glasgow,3/13/41,3/14/41,528,528,,528.0,1,1,,air-firebomb,LUFTW,,http://www.century-of-flight.net/Aviation%20history/WW2/blitz.htm, http://www.educationscotland.gov.uk/scotlandshistory/20thand21stcenturies/worldwarii/clydebankblitz/index.asp
United_Kingdom,Manchester,12/22/40,12/24/40,684,684,,684.0,1,1,,air-firebomb,LUFTW,,http://www.century-of-flight.net/Aviation%20history/WW2/blitz.htm, http://manchesterhistorian.com/2011/the-manchester-blitz/
United_Kingdom,,7/1/42,7/1/42,3086,3086,,3086.0,,0,,,,used ancestry.com to estimate distribution by month,http://en.wikipedia.org/wiki/World_War_II_casualties and http://search.ancestry.com/search/db.aspx?dbid=1604,
United_Kingdom,,12/1/42,12/1/42,3857,3857,,3857.0,,0,,,,used ancestry.com to estimate distribution by month,http://en.wikipedia.org/wiki/World_War_II_casualties and http://search.ancestry.com/search/db.aspx?dbid=1604,
United_Kingdom,,2/1/43,2/1/43,3086,3086,,3086.0,,0,,,,used ancestry.com to estimate distribution by month,http://en.wikipedia.org/wiki/World_War_II_casualties and http://search.ancestry.com/search/db.aspx?dbid=1604,
United_Kingdom,,7/1/44,7/1/44,18129,18129,,18129.0,,0,,,,used ancestry.com to estimate distribution by month,http://en.wikipedia.org/wiki/World_War_II_casualties and http://search.ancestry.com/search/db.aspx?dbid=1604,
United_Kingdom,,6/1/45,6/1/45,1543,1543,,1543.0,,0,,,,used ancestry.com to estimate distribution by month,http://en.wikipedia.org/wiki/World_War_II_casualties and http://search.ancestry.com/search/db.aspx?dbid=1604,
United_Kingdom,,3/1/41,3/1/41,2700,2700,,2700.0,,0,,,,used ancestry.com to estimate distribution by month,http://en.wikipedia.org/wiki/World_War_II_casualties and http://search.ancestry.com/search/db.aspx?dbid=1604,
United_Kingdom,,5/1/44,5/1/44,7715,7715,,7715.0,,0,,,,used ancestry.com to estimate distribution by month,http://en.wikipedia.org/wiki/World_War_II_casualties and http://search.ancestry.com/search/db.aspx?dbid=1604,
United_Kingdom,,10/1/42,10/1/42,8100,8100,,8100.0,,0,,,,used ancestry.com to estimate distribution by month,http://en.wikipedia.org/wiki/World_War_II_casualties and http://search.ancestry.com/search/db.aspx?dbid=1604,
United_Kingdom,,4/1/44,4/1/44,5786,5786,,5786.0,,0,,,,used ancestry.com to estimate distribution by month,http://en.wikipedia.org/wiki/World_War_II_casualties and http://search.ancestry.com/search/db.aspx?dbid=1604,
United_Kingdom,,12/1/45,12/1/45,1157,1157,,1157.0,,0,,,,used ancestry.com to estimate distribution by month,http://en.wikipedia.org/wiki/World_War_II_casualties and http://search.ancestry.com/search/db.aspx?dbid=1604,
United_Kingdom,,8/1/44,8/1/44,11572,11572,,11572.0,,0,,,,used ancestry.com to estimate distribution by month,http://en.wikipedia.org/wiki/World_War_II_casualties and http://search.ancestry.com/search/db.aspx?dbid=1604,
United_Kingdom,,12/1/40,12/1/40,2314,2314,,2314.0,,0,,,,used ancestry.com to estimate distribution by month,http://en.wikipedia.org/wiki/World_War_II_casualties and http://search.ancestry.com/search/db.aspx?dbid=1604,
United_Kingdom,,9/1/39,9/1/39,386,386,,386.0,,0,,,,used ancestry.com to estimate distribution by month,http://en.wikipedia.org/wiki/World_War_II_casualties and http://search.ancestry.com/search/db.aspx?dbid=1604,
United_Kingdom,,8/1/40,8/1/40,1543,1543,,1543.0,,0,,,,used ancestry.com to estimate distribution by month,http://en.wikipedia.org/wiki/World_War_II_casualties and http://search.ancestry.com/search/db.aspx?dbid=1604,
United_Kingdom,,4/1/40,4/1/40,1157,1157,,1157.0,,0,,,,used ancestry.com to estimate distribution by month,http://en.wikipedia.org/wiki/World_War_II_casualties and http://search.ancestry.com/search/db.aspx?dbid=1604,
United_Kingdom,,5/1/40,5/1/40,21215,21215,,21215.0,,0,,,,used ancestry.com to estimate distribution by month,http://en.wikipedia.org/wiki/World_War_II_casualties and http://search.ancestry.com/search/db.aspx?dbid=1604,
United_Kingdom,,10/1/41,10/1/41,1157,1157,,1157.0,,0,,,,used ancestry.com to estimate distribution by month,http://en.wikipedia.org/wiki/World_War_II_casualties and http://search.ancestry.com/search/db.aspx?dbid=1604,
United_Kingdom,,4/1/41,4/1/41,4629,4629,,4629.0,,0,,,,used ancestry.com to estimate distribution by month,http://en.wikipedia.org/wiki/World_War_II_casualties and http://search.ancestry.com/search/db.aspx?dbid=1604,
United_Kingdom,,9/1/42,9/1/42,5014,5014,,5014.0,,0,,,,used ancestry.com to estimate distribution by month,http://en.wikipedia.org/wiki/World_War_II_casualties and http://search.ancestry.com/search/db.aspx?dbid=1604,
United_Kingdom,,5/1/42,5/1/42,5014,5014,,5014.0,,0,,,,used ancestry.com to estimate distribution by month,http://en.wikipedia.org/wiki/World_War_II_casualties and http://search.ancestry.com/search/db.aspx?dbid=1604,
United_Kingdom,,6/1/43,6/1/43,5014,5014,,5014.0,,0,,,,used ancestry.com to estimate distribution by month,http://en.wikipedia.org/wiki/World_War_II_casualties and http://search.ancestry.com/search/db.aspx?dbid=1604,
United_Kingdom,,4/1/43,4/1/43,10029,10029,,10029.0,,0,,,,used ancestry.com to estimate distribution by month,http://en.wikipedia.org/wiki/World_War_II_casualties and http://search.ancestry.com/search/db.aspx?dbid=1604,
United_Kingdom,,10/1/43,10/1/43,4243,4243,,4243.0,,0,,,,used ancestry.com to estimate distribution by month,http://en.wikipedia.org/wiki/World_War_II_casualties and http://search.ancestry.com/search/db.aspx?dbid=1604,
United_Kingdom,,6/1/41,6/1/41,3857,3857,,3857.0,,0,,,,used ancestry.com to estimate distribution by month,http://en.wikipedia.org/wiki/World_War_II_casualties and http://search.ancestry.com/search/db.aspx?dbid=1604,
United_Kingdom,,9/1/44,9/1/44,25844,25844,,25844.0,,0,,,,used ancestry.com to estimate distribution by month,http://en.wikipedia.org/wiki/World_War_II_casualties and http://search.ancestry.com/search/db.aspx?dbid=1604,
United_Kingdom,,7/1/45,7/1/45,1929,1929,,1929.0,,0,,,,used ancestry.com to estimate distribution by month,http://en.wikipedia.org/wiki/World_War_II_casualties and http://search.ancestry.com/search/db.aspx?dbid=1604,
United_Kingdom,,1/1/42,1/1/42,3472,3472,,3472.0,,0,,,,used ancestry.com to estimate distribution by month,http://en.wikipedia.org/wiki/World_War_II_casualties and http://search.ancestry.com/search/db.aspx?dbid=1604,
United_Kingdom,,6/1/44,6/1/44,21601,21601,,21601.0,,0,,,,used ancestry.com to estimate distribution by month,http://en.wikipedia.org/wiki/World_War_II_casualties and http://search.ancestry.com/search/db.aspx?dbid=1604,
United_Kingdom,,6/1/42,6/1/42,5400,5400,,5400.0,,0,,,,used ancestry.com to estimate distribution by month,http://en.wikipedia.org/wiki/World_War_II_casualties and http://search.ancestry.com/search/db.aspx?dbid=1604,
United_Kingdom,,3/1/43,3/1/43,6943,6943,,6943.0,,0,,,,used ancestry.com to estimate distribution by month,http://en.wikipedia.org/wiki/World_War_II_casualties and http://search.ancestry.com/search/db.aspx?dbid=1604,
United_Kingdom,,1/1/44,1/1/44,5786,5786,,5786.0,,0,,,,used ancestry.com to estimate distribution by month,http://en.wikipedia.org/wiki/World_War_II_casualties and http://search.ancestry.com/search/db.aspx?dbid=1604,
United_Kingdom,,11/1/42,11/1/42,10029,10029,,10029.0,,0,,,,used ancestry.com to estimate distribution by month,http://en.wikipedia.org/wiki/World_War_II_casualties and http://search.ancestry.com/search/db.aspx?dbid=1604,
United_Kingdom,,2/1/45,2/1/45,6172,6172,,6172.0,,0,,,,used ancestry.com to estimate distribution by month,http://en.wikipedia.org/wiki/World_War_II_casualties and http://search.ancestry.com/search/db.aspx?dbid=1604,
United_Kingdom,,5/1/43,5/1/43,5786,5786,,5786.0,,0,,,,used ancestry.com to estimate distribution by month,http://en.wikipedia.org/wiki/World_War_II_casualties and http://search.ancestry.com/search/db.aspx?dbid=1604,
United_Kingdom,,11/1/39,11/1/39,1929,1929,,1929.0,,0,,,,used ancestry.com to estimate distribution by month,http://en.wikipedia.org/wiki/World_War_II_casualties and http://search.ancestry.com/search/db.aspx?dbid=1604,
United_Kingdom,,7/1/43,7/1/43,7329,7329,,7329.0,,0,,,,used ancestry.com to estimate distribution by month,http://en.wikipedia.org/wiki/World_War_II_casualties and http://search.ancestry.com/search/db.aspx?dbid=1604,
United_Kingdom,,9/1/45,9/1/45,1929,1929,,1929.0,,0,,,,used ancestry.com to estimate distribution by month,http://en.wikipedia.org/wiki/World_War_II_casualties and http://search.ancestry.com/search/db.aspx?dbid=1604,
United_Kingdom,,4/1/42,4/1/42,1929,1929,,1929.0,,0,,,,used ancestry.com to estimate distribution by month,http://en.wikipedia.org/wiki/World_War_II_casualties and http://search.ancestry.com/search/db.aspx?dbid=1604,
United_Kingdom,,11/1/40,11/1/40,771,771,,771.0,,0,,,,used ancestry.com to estimate distribution by month,http://en.wikipedia.org/wiki/World_War_II_casualties and http://search.ancestry.com/search/db.aspx?dbid=1604,
United_Kingdom,,2/1/44,2/1/44,10800,10800,,10800.0,,0,,,,used ancestry.com to estimate distribution by month,http://en.wikipedia.org/wiki/World_War_II_casualties and http://search.ancestry.com/search/db.aspx?dbid=1604,
United_Kingdom,,3/1/44,3/1/44,5400,5400,,5400.0,,0,,,,used ancestry.com to estimate distribution by month,http://en.wikipedia.org/wiki/World_War_II_casualties and http://search.ancestry.com/search/db.aspx?dbid=1604,
United_Kingdom,,4/1/45,4/1/45,8872,8872,,8872.0,,0,,,,used ancestry.com to estimate distribution by month,http://en.wikipedia.org/wiki/World_War_II_casualties and http://search.ancestry.com/search/db.aspx?dbid=1604,
United_Kingdom,,1/1/43,1/1/43,5786,5786,,5786.0,,0,,,,used ancestry.com to estimate distribution by month,http://en.wikipedia.org/wiki/World_War_II_casualties and http://search.ancestry.com/search/db.aspx?dbid=1604,
United_Kingdom,,1/1/45,1/1/45,6557,6557,,6557.0,,0,,,,used ancestry.com to estimate distribution by month,http://en.wikipedia.org/wiki/World_War_II_casualties and http://search.ancestry.com/search/db.aspx?dbid=1604,
United_Kingdom,,3/1/45,3/1/45,9643,9643,,9643.0,,0,,,,used ancestry.com to estimate distribution by month,http://en.wikipedia.org/wiki/World_War_II_casualties and http://search.ancestry.com/search/db.aspx?dbid=1604,
United_Kingdom,,10/1/39,10/1/39,771,771,,771.0,,0,,,,used ancestry.com to estimate distribution by month,http://en.wikipedia.org/wiki/World_War_II_casualties and http://search.ancestry.com/search/db.aspx?dbid=1604,
United_Kingdom,,6/1/40,6/1/40,10029,10029,,10029.0,,0,,,,used ancestry.com to estimate distribution by month,http://en.wikipedia.org/wiki/World_War_II_casualties and http://search.ancestry.com/search/db.aspx?dbid=1604,
United_Kingdom,,5/1/41,5/1/41,3086,3086,,3086.0,,0,,,,used ancestry.com to estimate distribution by month,http://en.wikipedia.org/wiki/World_War_II_casualties and http://search.ancestry.com/search/db.aspx?dbid=1604,
United_Kingdom,,8/1/45,8/1/45,1929,1929,,1929.0,,0,,,,used ancestry.com to estimate distribution by month,http://en.wikipedia.org/wiki/World_War_II_casualties and http://search.ancestry.com/search/db.aspx?dbid=1604,
United_Kingdom,,8/1/43,8/1/43,6557,6557,,6557.0,,0,,,,used ancestry.com to estimate distribution by month,http://en.wikipedia.org/wiki/World_War_II_casualties and http://search.ancestry.com/search/db.aspx?dbid=1604,
United_Kingdom,,11/1/43,11/1/43,6943,6943,,6943.0,,0,,,,used ancestry.com to estimate distribution by month,http://en.wikipedia.org/wiki/World_War_II_casualties and http://search.ancestry.com/search/db.aspx?dbid=1604,
United_Kingdom,,9/1/43,9/1/43,5014,5014,,5014.0,,0,,,,used ancestry.com to estimate distribution by month,http://en.wikipedia.org/wiki/World_War_II_casualties and http://search.ancestry.com/search/db.aspx?dbid=1604,
United_Kingdom,,12/1/43,12/1/43,5786,5786,,5786.0,,0,,,,used ancestry.com to estimate distribution by month,http://en.wikipedia.org/wiki/World_War_II_casualties and http://search.ancestry.com/search/db.aspx?dbid=1604,
United_Kingdom,,10/1/44,10/1/44,9643,9643,,9643.0,,0,,,,used ancestry.com to estimate distribution by month,http://en.wikipedia.org/wiki/World_War_II_casualties and http://search.ancestry.com/search/db.aspx?dbid=1604,
United_Kingdom,,1/1/46,1/1/46,771,771,,771.0,,0,,,,used ancestry.com to estimate distribution by month,http://en.wikipedia.org/wiki/World_War_II_casualties and http://search.ancestry.com/search/db.aspx?dbid=1604,
United_Kingdom,,7/1/40,7/1/40,386,386,,386.0,,0,,,,used ancestry.com to estimate distribution by month,http://en.wikipedia.org/wiki/World_War_II_casualties and http://search.ancestry.com/search/db.aspx?dbid=1604,
United_Kingdom,,12/1/41,12/1/41,3472,3472,,3472.0,,0,,,,used ancestry.com to estimate distribution by month,http://en.wikipedia.org/wiki/World_War_II_casualties and http://search.ancestry.com/search/db.aspx?dbid=1604,
United_Kingdom,,12/1/44,12/1/44,7329,7329,,7329.0,,0,,,,used ancestry.com to estimate distribution by month,http://en.wikipedia.org/wiki/World_War_II_casualties and http://search.ancestry.com/search/db.aspx?dbid=1604,
United_Kingdom,,12/1/39,12/1/39,386,386,,386.0,,0,,,,used ancestry.com to estimate distribution by month,http://en.wikipedia.org/wiki/World_War_II_casualties and http://search.ancestry.com/search/db.aspx?dbid=1604,
United_Kingdom,,8/1/41,8/1/41,1543,1543,,1543.0,,0,,,,used ancestry.com to estimate distribution by month,http://en.wikipedia.org/wiki/World_War_II_casualties and http://search.ancestry.com/search/db.aspx?dbid=1604,
United_Kingdom,,11/1/44,11/1/44,4629,4629,,4629.0,,0,,,,used ancestry.com to estimate distribution by month,http://en.wikipedia.org/wiki/World_War_II_casualties and http://search.ancestry.com/search/db.aspx?dbid=1604,
United_Kingdom,,1/1/41,1/1/41,1929,1929,,1929.0,,0,,,,used ancestry.com to estimate distribution by month,http://en.wikipedia.org/wiki/World_War_II_casualties and http://search.ancestry.com/search/db.aspx?dbid=1604,
United_Kingdom,,2/1/42,2/1/42,8100,8100,,8100.0,,0,,,,used ancestry.com to estimate distribution by month,http://en.wikipedia.org/wiki/World_War_II_casualties and http://search.ancestry.com/search/db.aspx?dbid=1604,
United_Kingdom,,5/1/45,5/1/45,3472,3472,,3472.0,,0,,,,used ancestry.com to estimate distribution by month,http://en.wikipedia.org/wiki/World_War_II_casualties and http://search.ancestry.com/search/db.aspx?dbid=1604,
United_Kingdom,,11/1/45,11/1/45,386,386,,386.0,,0,,,,used ancestry.com to estimate distribution by month,http://en.wikipedia.org/wiki/World_War_II_casualties and http://search.ancestry.com/search/db.aspx?dbid=1604,
United_Kingdom,,4/1/46,4/1/46,771,771,,771.0,,0,,,,used ancestry.com to estimate distribution by month,http://en.wikipedia.org/wiki/World_War_II_casualties and http://search.ancestry.com/search/db.aspx?dbid=1604,
United_Kingdom,,11/1/41,11/1/41,3472,3472,,3472.0,,0,,,,used ancestry.com to estimate distribution by month,http://en.wikipedia.org/wiki/World_War_II_casualties and http://search.ancestry.com/search/db.aspx?dbid=1604,
United_Kingdom,,2/1/41,2/1/41,1543,1543,,1543.0,,0,,,,used ancestry.com to estimate distribution by month,http://en.wikipedia.org/wiki/World_War_II_casualties and http://search.ancestry.com/search/db.aspx?dbid=1604,
United_Kingdom,,8/1/42,8/1/42,771,771,,771.0,,0,,,,used ancestry.com to estimate distribution by month,http://en.wikipedia.org/wiki/World_War_II_casualties and http://search.ancestry.com/search/db.aspx?dbid=1604,
United_Kingdom,,2/1/40,2/1/40,771,771,,771.0,,0,,,,used ancestry.com to estimate distribution by month,http://en.wikipedia.org/wiki/World_War_II_casualties and http://search.ancestry.com/search/db.aspx?dbid=1604,
United_Kingdom,,9/1/41,9/1/41,386,386,,386.0,,0,,,,used ancestry.com to estimate distribution by month,http://en.wikipedia.org/wiki/World_War_II_casualties and http://search.ancestry.com/search/db.aspx?dbid=1604,
United_Kingdom,,7/1/41,7/1/41,1157,1157,,1157.0,,0,,,,used ancestry.com to estimate distribution by month,http://en.wikipedia.org/wiki/World_War_II_casualties and http://search.ancestry.com/search/db.aspx?dbid=1604,
United_Kingdom,,2/1/46,2/1/46,1157,1157,,1157.0,,0,,,,used ancestry.com to estimate distribution by month,http://en.wikipedia.org/wiki/World_War_II_casualties and http://search.ancestry.com/search/db.aspx?dbid=1604,
United_Kingdom,,1/1/40,1/1/40,386,386,,386.0,,0,,,,used ancestry.com to estimate distribution by month,http://en.wikipedia.org/wiki/World_War_II_casualties and http://search.ancestry.com/search/db.aspx?dbid=1604,
United_Kingdom,,3/1/42,3/1/42,3086,3086,,3086.0,,0,,,,used ancestry.com to estimate distribution by month,http://en.wikipedia.org/wiki/World_War_II_casualties and http://search.ancestry.com/search/db.aspx?dbid=1604,
United_Kingdom,,10/1/45,10/1/45,1157,1157,,1157.0,,0,,,,used ancestry.com to estimate distribution by month,http://en.wikipedia.org/wiki/World_War_II_casualties and http://search.ancestry.com/search/db.aspx?dbid=1604,
United_Kingdom,,10/1/40,10/1/40,386,386,,386.0,,0,,,,used ancestry.com to estimate distribution by month,http://en.wikipedia.org/wiki/World_War_II_casualties and http://search.ancestry.com/search/db.aspx?dbid=1604,
United_Kingdom,,3/1/46,3/1/46,386,386,,386.0,,0,,,,used ancestry.com to estimate distribution by month,http://en.wikipedia.org/wiki/World_War_II_casualties and http://search.ancestry.com/search/db.aspx?dbid=1604,
Yugoslavia,,6/22/41,8/31/45,436,436,,436000.0,,0,,,,wiki buffer,http://en.wikipedia.org/wiki/World_War_II_casualties,
Yugoslavia,,6/22/41,8/31/45,"520,5","520,5",,520500.0,,1,,,,,http://en.wikipedia.org/wiki/World_War_II_casualties,
Yugoslavia,,4/6/41,4/18/41,10,10,,10000.0,,0,,invasion-germany,,,http://en.wikipedia.org/wiki/World_War_II_casualties,
Yugoslavia,,9/1/39,8/31/45,56000,65000,64000,60500.0,,1,,holocaust-jewish,,"override hi-low-avg multiplied by 1.06, to get 5.7 million",http://en.wikipedia.org/wiki/World_War_II_casualties,
